#,tree#,Subplot #<E-W>,Subplot #<S-N>,X (E-W) (m),Y (S-N) (m),Species,DBH_2010 (cm),TreeHeight_2010 (m),Canopy projection (cm)_2010_N,Canopy projection (cm)_2010_W,Canopy projection (cm)_2010_S,Canopy projection (cm)_2010_E,Lowest foliage height_2010 (m),DBH2014 (cm),TreeHeight_2014 (m)
1,J1,1,1,1.35,0.17,Picea mariana,2.1,2.1,NA,NA,NA,NA,NA,2.2,2.51
2,J2,1,1,4.2,0.13,Picea mariana,3.7,3.16,NA,NA,NA,NA,NA,3.64,3.15
3,J3,1,1,5.93,0.72,Picea mariana,5.6,5,NA,NA,NA,NA,NA,5.8,5
4,J4,1,1,8.27,0.3,Picea mariana,2.7,2.48,27,15,35,NA,0.2,2.7,2.59
5,J5,1,1,8.6,0.3,Picea mariana,3.9,3.28,NA,NA,NA,NA,NA,4,3.33
6,J6,1,1,8.74,0.14,Picea mariana,3.1,3,NA,NA,NA,NA,NA,3,3.08
7,J8,1,1,5.3,3.26,Picea mariana,6.7,5,NA,NA,NA,NA,NA,6.4,5.3
8,J9,1,1,2.05,2.77,Picea mariana,0.6,1.46,NA,NA,NA,NA,NA,0.5,1.43
9,J10,1,1,3.6,1.3,Picea mariana,0.6,1.39,NA,NA,NA,NA,NA,0.91,1.51
10,J11,1,1,1.5,2.41,Picea mariana,3.4,2.84,NA,NA,NA,NA,NA,3.1,3.02
11,J12,1,1,0.5,1.95,Picea mariana,5.9,4.39,NA,NA,NA,NA,NA,6.9,4.69
12,J13,1,1,0.2,2.05,Picea mariana,0.3,1.32,NA,NA,NA,NA,NA,0.5,1.28
13,J14,1,1,0.55,3.9,Picea mariana,2.5,1.97,NA,NA,NA,NA,NA,2.6,1.98
14,J15,1,1,5.4,4.3,Picea mariana,NA,1.31,NA,NA,NA,NA,NA,0.65,1.41
15,J16,1,1,6.3,4.45,Picea mariana,0.7,1.36,NA,NA,NA,NA,NA,0.88,1.5
16,J17,1,1,7.5,5.33,Picea mariana,5.1,5.9,NA,NA,NA,NA,NA,5.2,7.6
17,J18,1,1,8.7,6.08,Picea mariana,0.5,1.42,NA,NA,NA,NA,NA,0.67,1.28
18,J19,1,1,9.1,5.66,Picea mariana,2.4,2.13,NA,NA,NA,NA,NA,2.34,2.2
19,J20,1,1,9.9,8.15,Picea mariana,1.6,1.85,NA,NA,NA,NA,NA,1.67,1.93
20,J21,1,1,7.1,7.93,Picea mariana,1.8,1.75,46,42,37,42,0.6,2.06,1.92
21,J22,1,1,6.5,5.86,Picea mariana,2,2.02,NA,NA,NA,NA,NA,1.98,2.1
22,J23,1,1,5.3,6.94,Picea mariana,3.6,3.1,53,35,NA,NA,0.8,3.37,3.26
23,J24,1,1,3.45,6.61,Picea mariana,1.6,1.72,NA,NA,NA,NA,NA,1.71,1.76
24,J25,1,1,1.75,5.32,Picea mariana,3.6,3.15,NA,NA,NA,NA,NA,3.3,3.29
25,J26,1,1,0.1,7.64,Picea mariana,3.6,3.25,NA,NA,NA,NA,NA,3.3,3.34
26,J27,1,1,0.8,7.87,Picea mariana,1.1,1.66,NA,NA,NA,NA,NA,1.4,1.75
27,J28,1,1,1,7.34,Picea mariana,1.4,1.85,NA,NA,NA,NA,NA,1.63,1.91
28,J29,1,1,1.8,7.41,Picea mariana,1.6,1.75,NA,NA,NA,NA,NA,1.78,1.85
29,J30,1,1,1.9,7.49,Picea mariana,2.1,1.79,NA,NA,NA,NA,NA,2.17,1.77
30,J31,1,1,2,7.24,Picea mariana,2.4,1.93,NA,NA,NA,NA,NA,2.44,1.91
31,J32,1,1,2.1,7.11,Picea mariana,1.4,1.52,NA,NA,NA,NA,NA,1.66,1.53
32,J33,1,1,2.3,7.36,Picea mariana,3.3,2.77,NA,NA,NA,NA,NA,3.94,2.91
33,J34,1,1,2.1,6.83,Picea mariana,3,2.21,NA,NA,NA,NA,NA,3.21,2.24
34,J35,1,1,6.1,9.88,Picea mariana,2.6,2.4,NA,NA,NA,NA,NA,2.53,2.41
35,J36,1,1,6.5,9.83,Picea mariana,2.6,2.77,NA,NA,NA,NA,NA,2.9,2.79
36,J37,1,1,7,9.84,Picea mariana,1.5,1.65,NA,NA,NA,NA,NA,1.46,1.66
37,J38,1,1,7,9.81,Picea mariana,2.8,2.76,NA,NA,NA,NA,NA,2.78,2.78
38,J39,1,1,7,9.72,Picea mariana,4.3,4.17,NA,NA,NA,NA,NA,4.82,4.22
39,J40,1,1,7.2,9.72,Picea mariana,2.1,2.27,NA,NA,NA,NA,NA,2.17,2.24
40,J41,1,1,6.9,9.23,Picea mariana,0.8,1.48,NA,NA,NA,NA,NA,1.03,1.6
41,J42,1,1,7.2,9.01,Picea mariana,0.8,1.5,NA,NA,NA,NA,NA,1.07,1.52
42,J43,1,1,9.2,9.29,Picea mariana,2.7,2.37,NA,NA,NA,NA,NA,2.61,2.48
43,J44,2,1,11.2,8.3,Picea mariana,NA,1.33,NA,NA,NA,NA,NA,0.5,1.37
44,J45,2,1,10.7,7.79,Picea mariana,2.2,2.15,NA,NA,NA,NA,NA,2.14,2.16
45,J46,2,1,10.6,7.54,Picea mariana,3.4,3.34,NA,NA,NA,NA,NA,3.75,3.58
46,J47,2,1,10.9,7.64,Picea mariana,5.1,4.5,NA,NA,NA,NA,NA,4.49,5.1
47,J48,2,1,11.2,6.47,Picea mariana,3.3,2.74,NA,NA,NA,NA,NA,3.51,2.74
48,J49,2,1,11.4,6.83,Picea mariana,2.3,1.91,NA,NA,NA,NA,NA,2.23,1.92
49,J50,2,1,13.1,9.72,Picea mariana,0.4,1.38,NA,NA,NA,NA,NA,0.67,1.45
50,J51,2,1,14.1,7.64,Picea mariana,2.1,1.92,NA,NA,NA,NA,NA,2.1,1.97
51,J52,2,1,16,8.78,Picea mariana,1.3,1.55,NA,NA,NA,NA,NA,1.56,1.77
52,J53,2,1,17.05,9.67,Picea mariana,5.4,4.45,NA,NA,NA,NA,NA,5.3,4.6
53,J54,2,1,18.7,9.24,Picea mariana,2.7,2.56,NA,NA,NA,NA,NA,2.81,2.71
54,J55,2,1,18.9,8.99,Picea mariana,2.2,2.18,NA,NA,NA,NA,NA,2.31,2.21
55,J56,2,1,18.5,7.03,Picea mariana,1.3,1.77,NA,NA,NA,NA,NA,1.59,1.96
56,J57,2,1,17.5,7.72,Picea mariana,3.2,2.81,NA,NA,NA,NA,NA,3.41,2.89
57,J58,2,1,17.5,5.97,Picea mariana,NA,1.31,46,30,31,38,0.4,0.99,1.38
58,J59,2,1,14.9,6.3,Picea mariana,1.1,1.71,NA,NA,NA,NA,NA,2.08,1.82
59,J60,2,1,14.8,5.46,Picea mariana,3.6,3.07,NA,NA,NA,NA,NA,3.96,3.21
60,J61,2,1,14.5,5.33,Picea mariana,0.5,1.35,NA,NA,NA,NA,NA,NA,1.31
61,J62,2,1,13.2,4.9,Picea mariana,1.4,1.66,50,38,47,32,0.2,1.78,1.6
62,J63,2,1,12.6,6.02,Picea mariana,4.8,4.37,NA,NA,NA,NA,NA,5.18,4.53
63,J64,2,1,12.55,5.84,Picea mariana,2,1.75,NA,NA,NA,NA,NA,2.26,1.75
64,J65,2,1,12.4,5.99,Alnus rugosa,NA,1.33,NA,NA,NA,NA,NA,NA,1.22
65,J66,2,1,10.25,4.85,Picea mariana,5.9,4.23,NA,NA,NA,NA,NA,6.14,4.22
66,J67,2,1,10.15,3.7,Picea mariana,2.9,2.98,NA,NA,NA,NA,NA,2.98,2.82
67,J68,2,1,10.85,3.86,Picea mariana,2.7,2.43,NA,NA,NA,NA,NA,2.73,2.46
68,J69,2,1,14.45,4.09,Picea mariana,1.5,1.84,NA,NA,NA,NA,NA,1.87,1.99
69,J70,2,1,16,3.81,Picea mariana,NA,1.32,NA,NA,NA,NA,NA,0.91,1.45
70,J71,2,1,16.7,4.23,Picea mariana,2,2.28,NA,NA,NA,NA,NA,2.01,1.98
71,J72,2,1,17,3.99,Picea mariana,2.9,2.68,NA,NA,NA,NA,NA,3.03,2.72
72,J73,2,1,17.2,4.03,Picea mariana,2.2,2.35,NA,NA,NA,NA,NA,2.24,2.35
73,J74,2,1,17.25,3.35,Picea mariana,2.5,2.05,NA,NA,NA,NA,NA,2.33,2.13
74,J75,2,1,17.4,3.77,Picea mariana,4.4,3.82,NA,NA,NA,NA,NA,4.5,3.79
75,J76,2,1,17.47,3.85,Picea mariana,3.5,3.33,NA,NA,NA,NA,NA,3.4,3.31
76,J77,2,1,17.7,3.92,Picea mariana,1.7,1.83,NA,NA,NA,NA,NA,1.73,1.84
77,J78,2,1,17.7,3.73,Picea mariana,1.3,1.8,NA,NA,NA,NA,NA,1.15,2.03
78,J79,2,1,18.36,3.61,Picea mariana,2.4,2.26,NA,NA,NA,NA,NA,2.3,2.29
79,J80,2,1,17.9,4.14,Picea mariana,1.8,1.94,NA,NA,NA,NA,NA,1.42,2.2
80,J81,2,1,18.36,4.24,Picea mariana,1.7,2.25,NA,NA,NA,NA,NA,1.77,2.29
81,J82,2,1,18.7,4.46,Picea mariana,3.1,2.43,NA,NA,NA,NA,NA,2.83,3.25
82,J83,2,1,17.77,4.97,Picea mariana,1.6,1.95,NA,NA,NA,NA,NA,1.55,2.13
83,J84,2,1,18.28,2.79,Picea mariana,2.1,2.04,NA,NA,NA,NA,NA,2.74,2.16
84,J85,2,1,14.7,2.57,Picea mariana,0.6,1.4,NA,NA,NA,NA,NA,1.38,1.56
85,J86,2,1,13.92,2.24,Picea mariana,2.9,2.26,NA,NA,NA,NA,NA,2.98,2.39
86,J87,2,1,13.67,2.39,Picea mariana,2.3,2.27,NA,NA,NA,NA,NA,2.41,2.22
87,J88,2,1,13.67,1.85,Picea mariana,2.4,2.48,NA,NA,NA,NA,NA,2.54,2.49
88,J89,2,1,11.9,1.15,Alnus rugosa,0.9,1.64,NA,NA,NA,NA,NA,NA,1.16
89,J90,2,1,11.35,0.87,Picea mariana,2.7,2.57,NA,NA,NA,NA,NA,2.53,2.55
90,J91,2,1,11.25,0.87,Picea mariana,2.6,2.6,NA,NA,NA,NA,NA,2.61,2.65
91,J92,2,1,11.15,0.8,Picea mariana,1.7,1.84,NA,NA,NA,NA,NA,2.13,1.84
92,J93,2,1,11.1,0.6,Picea mariana,2.8,2.72,NA,NA,NA,NA,NA,2.97,2.76
93,J94,2,1,11.58,0.15,Picea mariana,2.7,2.13,NA,NA,NA,NA,NA,2.34,2.09
94,J95,2,1,13.23,0.25,Picea mariana,1,1.52,NA,NA,NA,NA,NA,1.15,1.59
95,J96,2,1,15.15,0.55,Picea mariana,0.4,1.37,NA,NA,NA,NA,NA,0.67,1.45
96,J97,2,1,16.75,0.29,Picea mariana,1.5,1.71,NA,NA,NA,NA,NA,1.72,1.77
97,J98,2,1,18.55,0,Picea mariana,0.5,1.38,NA,NA,NA,NA,NA,0.64,1.41
98,J99,3,1,21.7,1.54,Picea mariana,NA,1.33,NA,NA,NA,NA,NA,0.62,1.41
99,J100,3,1,23.4,1.14,Picea mariana,2.3,2.24,NA,NA,NA,NA,NA,2.86,2.54
100,J101,3,1,23.5,0.62,Picea mariana,1.9,1.92,NA,NA,NA,NA,NA,2.12,2.01
101,J102,3,1,23.9,1.04,Picea mariana,0.2,1.49,NA,NA,NA,NA,NA,NA,1.35
102,J103,3,1,27.1,0.25,Picea mariana,3.2,2.95,40,NA,NA,61,0,3.57,3.12
103,J104,3,1,27.8,0.46,Picea mariana,1.1,1.68,NA,NA,NA,NA,NA,1.4,1.72
104,J105,3,1,27.92,1.64,Picea mariana,4.1,3.04,NA,NA,NA,NA,NA,4.17,3.29
105,J106,3,1,27.2,2.41,Picea mariana,0.8,1.41,NA,NA,NA,NA,NA,1.46,1.53
106,J107,3,1,27.1,3.89,Picea mariana,1,1.59,NA,NA,NA,NA,NA,1.32,1.68
107,J108,3,1,26.17,3.37,Picea mariana,2.9,2.55,NA,NA,NA,NA,NA,3.14,2.64
108,J109,3,1,25.46,4.23,Picea mariana,1.8,2.16,NA,NA,NA,NA,NA,2.3,2.3
109,J110,3,1,20.75,4.33,Picea mariana,2.7,2.45,NA,NA,NA,NA,NA,2.94,2.64
110,J111,3,1,20.4,6.37,Picea mariana,1.5,1.71,NA,NA,NA,NA,NA,1.37,1.91
111,J112,3,1,21.9,7.39,Picea mariana,0.6,1.4,NA,NA,NA,NA,NA,1.08,1.5
112,J113,3,1,23.5,5.46,Picea mariana,NA,1.32,NA,NA,NA,NA,NA,0.58,1.39
113,J114,3,1,23.8,7.01,Picea mariana,1.6,1.51,NA,NA,NA,NA,NA,0.97,1.62
114,J115,3,1,25.4,5.48,Picea mariana,1.6,1.8,NA,NA,NA,NA,NA,1.89,1.84
115,J116,3,1,25.43,6.04,Picea mariana,4.8,3.98,NA,55,45,42,0.1,4.82,4.21
116,J117,3,1,24.8,7.26,Picea mariana,1.6,1.85,NA,NA,NA,NA,NA,1.9,1.99
117,J118,3,1,29.05,6.35,Alnus rugosa,0.3,1.4,NA,NA,NA,NA,NA,NA,1.29
118,J119,3,1,29.25,6.42,Picea mariana,2.8,2.65,NA,NA,NA,NA,NA,3.49,3.18
119,J120,3,1,29.5,6.37,Alnus rugosa,0.7,1.52,NA,NA,NA,NA,NA,NA,0
120,J121,3,1,23.8,7.84,Picea mariana,NA,1.31,NA,NA,NA,NA,NA,1.1,1.46
121,J122,3,1,23.4,8.4,Picea mariana,0.6,1.36,NA,NA,NA,NA,NA,0.73,1.52
122,J123,3,2,23.5,10.3,Picea mariana,2.4,2.25,NA,NA,NA,NA,NA,2.99,2.3
123,J124,3,2,23.4,10.38,Picea mariana,1.5,1.51,NA,NA,NA,NA,NA,0.99,1.56
124,J125,3,1,22.4,9.78,Picea mariana,2.9,2.48,NA,NA,NA,NA,NA,3.24,2.53
125,J126,3,1,22.2,9.57,Picea mariana,4.8,3.99,NA,NA,NA,NA,NA,4.9,4.13
126,J127,3,2,22.2,10.33,Picea mariana,4.6,4.28,NA,NA,NA,NA,NA,4.52,4.43
127,J128,3,2,22.6,10.61,Picea mariana,1.4,1.85,NA,NA,NA,NA,NA,1.71,1.97
128,J129,3,2,21.2,11.42,Picea mariana,3.5,2.64,NA,NA,NA,NA,NA,3.85,2.95
129,J130,3,2,22.4,12.24,Picea mariana,0.7,1.42,NA,NA,NA,NA,NA,0.85,1.41
130,J131,3,2,22.5,12.69,Picea mariana,1.8,1.96,NA,NA,NA,NA,NA,2.01,1.99
131,J132,3,2,22.5,12.79,Picea mariana,2.4,2.31,NA,NA,NA,NA,NA,2.5,2.36
132,J133,3,2,23,12.51,Picea mariana,2.3,2.51,NA,NA,NA,NA,NA,2.62,2.78
133,J134,3,2,22.9,13.43,Picea mariana,0.7,1.46,NA,NA,NA,NA,NA,1.07,1.64
134,J135,3,2,26.6,12.9,Picea mariana,5.8,4.93,60,63,NA,NA,0.6,5.87,4.9
135,J136,3,2,26.9,12.39,Picea mariana,1.1,1.64,NA,NA,NA,NA,NA,1.49,1.95
136,J137,3,2,28.6,11.75,Picea mariana,3,2.92,NA,NA,NA,NA,NA,3.01,3.02
137,J138,3,2,29,11.8,Picea mariana,3.7,2.92,NA,NA,NA,NA,NA,3.84,3.09
138,J139,3,2,26.2,15.13,Picea mariana,2.7,2.56,NA,42,36,32,0.5,2.83,2.46
139,J140,3,2,25.6,14.69,Picea mariana,4.6,3.81,NA,NA,NA,NA,NA,4.73,3.99
140,J141,3,2,24.8,15.74,Picea mariana,4.6,3.68,NA,NA,NA,NA,NA,4.15,3.83
141,J142,3,2,24.7,15.91,Picea mariana,NA,1.32,NA,NA,NA,NA,NA,NA,1.24
142,J143,3,2,24.6,15.89,Picea mariana,3,2.73,NA,NA,NA,NA,NA,3.26,2.84
143,J144,3,2,21.9,14.57,Picea mariana,1.5,1.73,NA,NA,NA,NA,NA,1.66,1.82
144,J145,3,2,22.2,17.95,Picea mariana,1.7,1.8,NA,NA,NA,NA,NA,1.93,1.82
145,J146,3,2,22.1,18.33,Picea mariana,1.9,1.96,NA,NA,NA,NA,NA,2.09,2.01
146,J147,3,2,22.8,18.1,Picea mariana,1.4,1.66,NA,NA,NA,NA,NA,1.89,1.85
147,J148,3,2,24.3,17.79,Picea mariana,4.4,3.75,NA,NA,NA,NA,NA,4.73,3.92
148,J149,3,2,24.7,19.6,Picea mariana,6.1,4.95,NA,NA,NA,NA,NA,6.4,5.2
149,J150,3,2,25.8,19.75,Picea mariana,1.8,1.99,NA,NA,NA,NA,NA,2.16,2.22
150,J151,3,2,25.6,18.05,Alnus rugosa,0.2,1.33,NA,NA,NA,NA,NA,NA,0.81
151,J152,3,2,26.4,17.67,Picea mariana,2.7,2.5,NA,NA,NA,NA,NA,3.07,2.67
152,J153,3,2,27.7,18.05,Picea mariana,2,2.11,NA,NA,NA,NA,NA,2.01,2.16
153,J154,3,2,27.9,18.33,Picea mariana,2.3,2.39,NA,NA,NA,NA,NA,2.25,2.53
154,J155,3,2,27.7,17.87,Picea mariana,7,5,NA,NA,NA,NA,NA,6.66,4.9
155,J156,3,2,28.2,17.82,Picea mariana,7.7,5.6,NA,60,84,35,1.1,7.57,6.1
156,J157,3,2,29.9,18.78,Picea mariana,3,2.28,NA,NA,NA,NA,NA,3.36,2.39
157,J158,2,2,19.6,18.15,Picea mariana,3,2.6,NA,NA,NA,NA,NA,3,2.76
158,J159,2,2,18.6,18.56,Picea mariana,1.4,1.82,NA,NA,NA,NA,NA,1.82,2.01
159,J160,2,2,16.9,17.51,Picea mariana,NA,1.36,NA,NA,NA,NA,NA,0.8,1.54
160,J161,2,2,16.5,17.34,Picea mariana,0.8,1.61,NA,NA,NA,NA,NA,1.32,1.73
161,J162,2,2,10.8,19.65,Picea mariana,2.7,1.91,NA,NA,NA,NA,NA,2.6,2.01
162,J163,2,2,10.3,19.32,Picea mariana,5.7,4.9,NA,NA,NA,NA,NA,5.72,5.2
163,J164,2,2,10.2,19.62,Picea mariana,3.2,2.63,NA,NA,NA,NA,NA,3.3,2.68
164,J165,2,2,10.2,19.04,Picea mariana,4.2,3.81,NA,NA,NA,NA,NA,4.03,3.7
165,J166,2,2,10.9,17.08,Picea mariana,1.3,1.73,NA,NA,NA,NA,NA,1.44,1.82
166,J167,2,2,13,17.36,Picea mariana,1.8,1.6,NA,NA,NA,NA,NA,1.7,1.63
167,J168,2,2,13.2,17.46,Picea mariana,0.6,1.41,NA,NA,NA,NA,NA,1.3,1.5
168,J169,2,2,13.6,16.57,Picea mariana,1,1.66,NA,NA,NA,NA,NA,1,1.76
169,J170,2,2,19.7,16.52,Picea mariana,0.4,1.4,NA,NA,NA,NA,NA,0.9,1.47
170,J171,2,2,19.8,15.2,Picea mariana,1.7,1.79,NA,NA,NA,NA,NA,2.04,2.12
171,J172,3,2,20.6,12.92,Picea mariana,3.5,3.04,NA,NA,NA,NA,NA,3.68,3.11
172,J173,2,2,19.7,12.59,Picea mariana,0.3,1.37,NA,NA,NA,NA,NA,0.55,1.44
173,J174,2,2,16.6,12.67,Picea mariana,1.7,1.93,NA,NA,NA,NA,NA,1.89,2.01
174,J175,2,2,15.6,13.4,Picea mariana,2,2.17,60,45,25,29,0.4,2.05,2.4
175,J176,2,2,15.5,13.99,Picea mariana,1,1.68,NA,NA,NA,NA,NA,1.45,1.8
176,J177,2,2,15.4,13.3,Alnus rugosa,0.2,1.44,NA,NA,NA,NA,NA,NA,NA
177,J178,2,2,14.8,12.82,Picea mariana,2,2.18,NA,NA,NA,NA,NA,NA,NA
178,J179,2,2,14.6,13.07,Picea mariana,1.4,1.58,NA,NA,NA,NA,NA,NA,NA
179,J180,2,2,13.6,14.5,Picea mariana,0.9,1.54,NA,NA,NA,NA,NA,NA,NA
180,J181,2,2,13.4,15.46,Picea mariana,NA,1.31,NA,NA,NA,NA,NA,NA,NA
181,J182,2,2,10.3,15.61,Picea mariana,0.4,1.37,NA,17,NA,25,8.4,0.9,1.45
182,J183,2,2,12.2,14.14,Picea mariana,2.1,1.99,NA,29,35,NA,0.1,2.3,2.13
183,J184,2,2,12.1,13.28,Picea mariana,1.3,1.75,NA,NA,NA,NA,NA,1.7,1.78
184,J185,2,2,11.9,11.65,Picea mariana,0.8,1.54,NA,NA,NA,NA,NA,0.9,1.55
185,J186,2,2,12.7,10.43,Picea mariana,5.6,4.97,NA,24,NA,28,0.3,5.9,5.1
186,J187,2,2,14.1,11.24,Picea mariana,4.9,4.69,36,33,59,40,0.7,5.2,4.75
187,J188,2,2,14.5,10.71,Picea mariana,NA,1.32,NA,NA,NA,NA,NA,NA,1.37
188,J189,2,2,15.1,10.51,Picea mariana,3.2,3.33,NA,NA,NA,NA,NA,3.2,3.52
189,J190,2,2,15.2,11.45,Picea mariana,2.3,2.17,NA,NA,NA,NA,NA,2.5,2.16
190,J191,2,2,16.3,10.23,Picea mariana,3,2.86,NA,NA,NA,NA,NA,3.5,3.04
191,J192,1,2,9.3,10.71,Picea mariana,3,2.41,NA,NA,NA,NA,NA,2.9,2.34
192,J193,1,2,8.8,11.14,Picea mariana,3.3,3.03,NA,NA,NA,NA,NA,3.5,3.11
193,J194,1,2,8.5,11.04,Picea mariana,2.2,2.45,NA,NA,NA,NA,NA,2.4,2.39
194,J195,1,2,7.5,10.18,Picea mariana,0.6,1.4,NA,NA,NA,NA,NA,1,1.44
195,J196,1,2,6.8,10,Picea mariana,NA,1.37,NA,NA,NA,NA,NA,0.6,1.42
196,J360,1,2,6.7,11.52,Picea mariana,1.1,1.47,NA,NA,NA,NA,NA,NA,NA
197,J198,1,2,4.1,11.83,Picea mariana,1.5,1.86,NA,NA,NA,NA,NA,1.6,1.87
198,J199,1,2,2.6,11.19,Picea mariana,1.9,1.96,NA,NA,NA,NA,NA,2.4,2.18
199,J200,1,2,2.7,11.68,Picea mariana,5.4,4.8,NA,NA,NA,NA,NA,5.6,6.7
200,J201,1,2,0.7,11.45,Picea mariana,7.6,5.9,NA,NA,NA,NA,NA,7.3,#VALUE!
201,J202,1,2,1.8,12.82,Picea mariana,1.5,1.66,NA,NA,NA,NA,NA,2.2,1.71
202,J203,1,2,1.9,14.61,Picea mariana,2.7,2.18,NA,NA,NA,NA,NA,3,2.03
203,J204,1,2,2.7,14.55,Picea mariana,2,1.96,NA,NA,NA,NA,NA,2.4,1.98
204,J205,1,2,4,13.23,Picea mariana,3.3,2.74,45,46,46,72,0.2,3.4,2.95
205,J206,1,2,3.8,15.84,Picea mariana,3.4,3.23,NA,NA,NA,NA,NA,3.5,3.16
206,J207,1,2,5.8,15.38,Picea mariana,1.6,1.71,NA,NA,NA,NA,NA,2,1.93
207,J208,1,2,7.7,13.73,Picea mariana,3.9,3.14,NA,NA,NA,NA,NA,3.8,3.21
208,J209,1,2,9.3,13.38,Picea mariana,2.9,2.55,NA,NA,NA,NA,NA,2.9,2.62
209,J210,1,2,8.9,14.75,Picea mariana,2.1,2.24,NA,NA,NA,NA,NA,2.3,2.24
210,J211,1,2,7,15.15,Picea mariana,5.1,4.51,NA,NA,NA,NA,NA,5.3,4.78
211,J212,1,2,7.1,16.14,Picea mariana,5.1,4.46,NA,NA,NA,NA,NA,5.4,4.8
212,J213,1,2,8,16.63,Picea mariana,3.3,2.9,NA,NA,NA,NA,NA,3.3,3
213,J214,1,2,7,16.75,Picea mariana,NA,1.31,NA,NA,NA,NA,NA,,1.38
214,J215,1,2,6.5,16.68,Picea mariana,0.6,1.45,NA,NA,NA,NA,NA,0.7,1.47
215,J216,1,2,5.9,17.21,Picea mariana,1.1,1.62,NA,NA,NA,NA,NA,1.4,1.69
216,J217,1,2,9.3,17.34,Picea mariana,3,2.61,NA,NA,NA,NA,NA,3.5,2.73
217,J218,1,2,8.9,17.54,Picea mariana,0.4,1.36,NA,NA,NA,NA,NA,0.3,1.31
218,J219,1,2,8.9,17.69,Picea mariana,NA,1.35,NA,NA,NA,NA,NA,0.7,1.31
219,J220,1,2,9.7,17.74,Picea mariana,1.2,1.56,NA,NA,NA,NA,NA,1.9,1.65
220,J221,1,2,9,18.43,Picea mariana,1.1,1.51,NA,NA,NA,NA,NA,1.4,1.57
221,J222,1,2,8.7,18.89,Picea mariana,0.9,1.59,NA,NA,NA,NA,NA,1.1,1.43
222,J223,1,2,8.5,19.17,Picea mariana,1.3,1.61,NA,NA,NA,NA,NA,1.6,1.7
223,J224,1,2,6.1,19.37,Picea mariana,NA,1.31,NA,NA,NA,NA,NA,NA,1.32
224,J225,1,2,5.7,19.01,Picea mariana,1.1,1.51,NA,NA,NA,NA,NA,1.5,1.57
225,J226,1,2,4.2,18.81,Picea mariana,0.8,1.48,NA,NA,NA,NA,NA,0.9,1.57
226,J227,1,2,2.7,17.82,Picea mariana,8.6,6.3,NA,NA,NA,NA,NA,8.2,6.5
227,J228,1,2,3.1,19.29,Picea mariana,5.6,5,NA,NA,NA,NA,NA,5.9,5.3
228,J229,1,2,1.5,18.18,Picea mariana,3.7,3.02,NA,NA,NA,NA,NA,3.6,3.56
229,J230,1,3,0.5,20.2,Picea mariana,3.2,3.2,NA,NA,NA,NA,NA,3.4,3.43
230,J231,1,3,0.7,20.2,Picea mariana,4.3,4.52,NA,NA,NA,NA,NA,4,4.51
231,J232,1,3,3.4,21.17,Picea mariana,5.7,4.5,NA,NA,NA,NA,NA,5.8,4.98
232,J233,1,3,4.4,20.25,Picea mariana,6,5.5,40,46,47,34,0.6,6.7,5.8
233,J234,1,3,7.4,20.46,Picea mariana,3.2,3.1,NA,NA,NA,NA,NA,3.2,3.07
234,J235,1,3,8.4,20.81,Picea mariana,0.9,1.6,NA,NA,NA,NA,NA,1.1,1.65
235,J236,1,3,9.1,20.69,Picea mariana,3.3,3.2,NA,NA,NA,NA,NA,3.5,3.33
236,J237,1,3,8.6,22.54,Picea mariana,2.2,2.69,NA,NA,NA,NA,NA,2.8,2.73
237,J238,1,3,8.5,22.44,Picea mariana,2.3,2.39,NA,NA,NA,NA,NA,2.4,2.18
238,J239,1,3,7.3,21.91,Picea mariana,2.5,2.72,NA,NA,NA,NA,NA,2.7,2.83
239,J240,1,3,6.8,21.42,Picea mariana,3.4,3.25,NA,NA,NA,NA,NA,3.5,3.28
240,J241,1,3,4.4,23.05,Picea mariana,1.9,2.17,NA,NA,NA,NA,NA,2,2.24
241,J242,1,3,3.8,22.92,Picea mariana,2,2.16,NA,NA,NA,NA,NA,2.4,2.2
242,J243,1,3,3.3,23,Picea mariana,0.8,1.44,NA,NA,NA,NA,NA,0.9,1.45
243,J244,1,3,3.1,22.9,Picea mariana,1,1.59,NA,NA,NA,NA,NA,1.2,1.63
244,J245,1,3,2.3,23.25,Picea mariana,2.4,2.43,NA,NA,NA,NA,NA,2.5,2.54
245,J246,1,3,2.2,22.84,Picea mariana,NA,1.35,NA,NA,NA,NA,NA,NA,1.37
246,J247,1,3,1.6,22.26,Picea mariana,6.7,5.8,NA,NA,NA,NA,NA,6.8,5.85
247,J248,1,3,0.1,22.41,Picea mariana,3.2,2.62,NA,NA,NA,NA,NA,3.5,2.83
248,J249,1,3,2,25,Picea mariana,1.8,1.83,NA,NA,NA,NA,NA,2,2.01
249,J250,1,3,4.3,25.1,Picea mariana,3,2.53,NA,NA,NA,NA,NA,2.7,2.68
250,J251,1,3,5.4,24.72,Picea mariana,2,2.07,NA,NA,NA,NA,NA,2.6,2.17
251,J252,1,3,5.3,23.94,Picea mariana,1,1.51,NA,NA,NA,NA,NA,1.1,1.49
252,J253,1,3,7.5,24.09,Picea mariana,2.8,3.04,NA,NA,NA,NA,NA,3.3,3.18
253,J254,1,3,8.5,24.95,Picea mariana,3,3.14,NA,NA,NA,NA,NA,3.3,3.15
254,J255,1,3,8.7,24.62,Picea mariana,2.1,2.1,NA,NA,NA,NA,NA,2.3,2.22
255,J256,1,3,7.5,25.48,Picea mariana,2.2,2.3,NA,NA,NA,NA,NA,2.5,2.48
256,J257,1,3,8.2,26.65,Picea mariana,1,1.61,NA,NA,NA,NA,NA,1.4,1.69
257,J258,1,3,7.1,27.18,Picea mariana,2.3,2.35,NA,NA,NA,NA,NA,2.6,2.54
258,J259,1,3,6.8,25.99,Picea mariana,2.2,2.24,NA,NA,NA,NA,NA,2.4,2.35
259,J260,1,3,6.2,26.83,Picea mariana,3.7,3.56,50,42,37,56,0.3,4,3.67
260,J261,1,3,5.6,25.99,Picea mariana,1.7,1.99,NA,NA,NA,NA,NA,2,2.18
261,J262,1,3,5.5,25.94,Picea mariana,1.8,2.21,NA,NA,NA,NA,NA,1.9,2.24
262,J263,1,3,5.5,26.14,Picea mariana,1.1,1.55,NA,NA,NA,NA,NA,1.7,1.68
263,J264,1,3,5.3,25.99,Picea mariana,1.8,2.04,NA,NA,NA,NA,NA,2.2,2.26
264,J265,1,3,5.5,26.83,Picea mariana,1.9,2.11,NA,NA,NA,NA,NA,3.6,2.24
265,J266,1,3,4.6,26.19,Picea mariana,1.8,1.99,NA,NA,NA,NA,NA,3.7,2.02
266,J267,1,3,3.6,26.32,Picea mariana,2.9,3.18,NA,NA,NA,NA,NA,3.1,5.89
267,J268,1,3,2.3,27.97,Picea mariana,8,5,NA,NA,NA,NA,NA,NA,NA
268,J269,1,3,4.2,27.54,Picea mariana,2.8,2.51,NA,NA,NA,NA,NA,3.2,2.58
269,J270,1,3,4.6,27.69,Picea mariana,2.3,2.11,NA,NA,NA,NA,NA,2.8,2.1
270,J271,1,3,3.8,28.91,Picea mariana,2.4,2.57,NA,NA,NA,NA,NA,2.8,2.73
271,J272,1,3,4.3,28.66,Picea mariana,2,2.01,NA,NA,NA,NA,NA,2.2,2.24
272,J273,1,3,4.4,28.78,Picea mariana,2.8,2.53,NA,NA,NA,NA,NA,3.3,2.65
273,J274,1,3,4.5,29.09,Picea mariana,1.4,1.37,NA,NA,NA,NA,NA,1.1,1.43
274,J275,1,3,9.8,28.78,Picea mariana,1.4,1.77,NA,NA,NA,NA,NA,1.8,1.89
275,J276,2,3,10.3,29.34,Picea mariana,2,1.97,NA,NA,NA,NA,NA,2.5,2.1
276,J277,2,3,11.3,29.17,Picea mariana,5.3,4.17,71,62,61,D56/L50,0.9,5.7,4.34
277,J278,2,3,11.8,28.48,Picea mariana,2.6,2.51,NA,NA,NA,NA,NA,2.7,2.69
278,J279,2,3,10.9,26.78,Picea mariana,1,1.51,NA,NA,NA,NA,NA,2,1.68
279,J280,2,3,12.3,26.83,Picea mariana,3.1,2.85,NA,NA,NA,NA,NA,3.5,2.98
280,J281,2,3,16,29.47,Picea mariana,1.1,1.55,NA,NA,NA,NA,NA,1.3,1.57
281,J282,2,3,16.3,29.29,Picea mariana,0.9,1.52,NA,NA,NA,NA,NA,0.9,1.5
282,J283,2,3,16.1,28.51,Picea mariana,0.7,1.47,NA,NA,NA,NA,NA,0.9,1.45
283,J284,2,3,16.8,27.82,Picea mariana,2.9,1.87,NA,NA,NA,NA,NA,2,1.92
284,J285,2,3,17.5,29.62,Picea mariana,3.9,3.8,NA,NA,NA,NA,NA,3.8,3.86
285,J286,2,3,17.6,29.01,Picea mariana,NA,1.37,NA,NA,NA,NA,NA,NA,1.38
286,J287,2,3,17.7,28.51,Picea mariana,1.5,1.87,NA,NA,NA,NA,NA,1.6,1.71
287,J288,2,3,17.4,27.84,Picea mariana,1,1.67,NA,NA,NA,NA,NA,1.1,1.55
288,J289,2,3,19,28.3,Picea mariana,3.4,3.06,NA,NA,NA,NA,NA,3.7,3.19
289,J290,2,3,19.1,29.47,Picea mariana,1.6,1.7,NA,NA,NA,NA,NA,1.6,1.79
290,J291,3,3,20.4,29.27,Picea mariana,3.7,3.07,NA,NA,NA,NA,NA,4.1,3.34
291,J292,3,3,20.5,28.33,Picea mariana,2.8,2.29,NA,NA,NA,NA,NA,2.8,2.24
292,J293,2,3,19.6,26.22,Picea mariana,2.7,2.44,NA,NA,NA,NA,NA,2.8,2.39
293,J294,2,3,17.7,26.85,Picea mariana,2.3,2.28,NA,NA,NA,NA,NA,2.6,2.3
294,J295,2,3,18.1,25.97,Picea mariana,NA,1.31,NA,NA,NA,NA,NA,0.8,1.35
295,J296,2,3,18,26.65,Picea mariana,0.6,1.41,NA,NA,NA,NA,NA,1,1.45
296,J297,2,3,18.7,25.28,Picea mariana,2.7,2.54,NA,NA,NA,NA,NA,3,2.65
297,J298,2,3,18.7,25.25,Picea mariana,1.7,1.87,NA,NA,NA,NA,NA,1.9,1.98
298,J299,2,3,18.3,24.5,Picea mariana,1.4,1.69,NA,NA,NA,NA,NA,1.6,1.79
299,J300,2,3,19.4,22.16,Picea mariana,3,2.65,NA,NA,NA,NA,NA,3.3,2.77
300,J301,2,3,17.7,20.69,Picea mariana,1.9,2.15,NA,NA,NA,NA,NA,2.3,2.24
301,J302,2,3,16.3,22.51,Picea mariana,3.1,2.59,NA,NA,NA,NA,NA,3.4,2.69
302,J303,2,3,16.2,23.12,Picea mariana,0.5,1.38,NA,NA,NA,NA,NA,0.8,1.46
303,J304,2,3,15.8,23.35,Picea mariana,4.3,4.29,NA,NA,NA,NA,NA,4.7,4.34
304,J305,2,3,15.9,23.96,Picea mariana,NA,1.33,NA,NA,NA,NA,NA,NA,1.31
305,J306,2,3,11.9,23.63,Picea mariana,0.6,1.54,NA,NA,NA,NA,NA,1.5,1.7
306,J307,3,3,21.2,20.46,Picea mariana,1.1,1.51,NA,NA,NA,NA,NA,1.2,1.78
307,J308,3,3,21.3,20.61,Picea mariana,2.5,2.78,NA,NA,NA,NA,NA,3,2.95
308,J309,3,3,21.7,20.43,Picea mariana,3.9,3.49,NA,NA,NA,NA,NA,4.2,3.66
309,J310,3,3,23.6,20.13,Picea mariana,1.9,2.18,NA,NA,NA,NA,NA,2.1,2.36
310,J311,3,3,24,20.53,Picea mariana,4.8,4.14,NA,NA,NA,NA,NA,5.3,4.37
311,J312,3,3,25.7,21.3,Alnus rugosa,0.3,1.42,NA,NA,NA,NA,NA,0.6,1.64
312,J313,3,3,28.7,20,Picea mariana,3.9,3.09,NA,NA,NA,NA,NA,4.1,3.38
313,J314,3,3,29.2,20.13,Picea mariana,1.4,1.9,NA,NA,NA,NA,NA,1.4,1.91
314,J315,3,3,29.5,20.23,Picea mariana,7.6,6.4,42,55,48,NA,1.2,7.9,7.8
315,J316,3,3,29.8,20.43,Picea mariana,2.1,1.93,NA,NA,NA,NA,NA,2.3,1.88
316,J317,3,3,29.6,21.4,Picea mariana,3,3.51,NA,NA,NA,NA,NA,3,3.45
317,J318,3,3,29.6,21.55,Picea mariana,2.3,2.61,NA,NA,NA,NA,NA,2.5,2.69
318,J319,3,3,29,22.51,Picea mariana,2,2.01,NA,NA,NA,NA,NA,1.8,1.99
319,J320,3,3,28.9,22.44,Picea mariana,5,4.22,NA,NA,NA,NA,NA,5.4,4.34
320,J321,3,3,28.8,22.46,Picea mariana,4.3,3.63,NA,NA,NA,NA,NA,4.1,3.66
321,J322,3,3,28.7,22.34,Picea mariana,2.4,2.22,NA,NA,NA,NA,NA,2.5,2.36
322,J323,3,3,28.7,22.49,Picea mariana,2.8,2.67,NA,NA,NA,NA,NA,3.3,2.79
323,J324,3,3,26.4,24.27,Picea mariana,5.1,5,NA,NA,NA,NA,NA,5.4,5.4
324,J325,3,3,26.2,24.19,Picea mariana,NA,1.36,NA,NA,NA,NA,NA,NA,1.45
325,J326,3,3,26,24.17,Picea mariana,4.2,3.89,NA,NA,NA,NA,NA,4.3,4.04
326,J327,3,3,26.3,23.63,Picea mariana,2.5,2.52,NA,NA,NA,NA,NA,2.7,2.63
327,J328,3,3,26.6,23.12,Picea mariana,3.7,3.58,NA,NA,NA,NA,NA,3.8,3.61
328,J329,3,3,26.3,23.3,Picea mariana,2.4,2.46,NA,NA,NA,NA,NA,3.1,2.51
329,J330,3,3,25.8,23.07,Picea mariana,2.9,3.11,NA,NA,NA,NA,NA,3.2,3.16
330,J331,3,3,25.6,22.51,Picea mariana,5.7,5,NA,NA,NA,NA,NA,6.1,5.4
331,J332,3,3,25.6,22.26,Picea mariana,4.7,4.24,NA,NA,NA,NA,NA,5.2,4.19
332,J333,3,3,23.7,23.81,Picea mariana,4.1,4.09,NA,NA,NA,NA,NA,4.5,4.14
333,J334,3,3,21.9,23.07,Picea mariana,NA,1.36,NA,NA,NA,NA,NA,1.2,1.6
334,J335,3,3,21.2,25.25,Picea mariana,1.6,1.82,NA,NA,NA,NA,NA,1.9,1.93
335,J336,3,3,20.9,26.02,Picea mariana,1.6,1.78,NA,NA,NA,NA,NA,1.7,1.96
336,J337,3,3,21.3,25.05,Picea mariana,5.4,4.01,NA,NA,NA,NA,NA,5.7,3.99
337,J338,3,3,21.6,25.91,Picea mariana,2.6,2.55,NA,NA,NA,NA,NA,2.9,2.46
338,J339,3,3,22.2,25.66,Picea mariana,2.9,2.51,NA,NA,NA,NA,NA,3.2,2.54
339,J340,3,3,22.3,24.52,Picea mariana,0.5,1.39,NA,NA,NA,NA,NA,0.7,1.49
340,J341,3,3,22.5,24.7,Picea mariana,1,1.55,NA,NA,NA,NA,NA,1.5,1.69
341,J342,3,3,23.1,25,Picea mariana,1.2,1.5,NA,NA,NA,NA,NA,1.6,1.61
342,J343,3,3,23.1,25.84,Picea mariana,3.7,3.35,NA,NA,NA,NA,NA,4.2,3.48
343,J344,3,3,28.4,25.25,Picea mariana,6,4.17,NA,NA,NA,NA,NA,6,4.42
344,J345,3,3,29.4,25.46,Picea mariana,1.9,2.13,NA,NA,NA,NA,NA,2.2,2.13
345,J346,3,3,29.6,25.64,Picea mariana,2.9,3.05,NA,NA,NA,NA,NA,2.9,3.15
346,J347,3,3,29.5,26.07,Picea mariana,2.6,2.37,NA,NA,NA,NA,NA,3,2.5
347,J348,3,3,29.4,27.26,Picea mariana,5,3.82,NA,NA,NA,NA,NA,5.2,3.96
348,J349,3,3,29.3,28.4,Picea mariana,0.8,1.49,NA,NA,NA,NA,NA,1.2,1.63
349,J350,3,3,28.3,29.01,Picea mariana,5.4,5,NA,NA,NA,NA,NA,5.6,5.4
350,J352,3,3,25.5,27.67,Picea mariana,1.9,2.03,NA,NA,NA,NA,NA,2.6,2.21
351,J353,3,3,24.7,27.08,Picea mariana,4.7,3.91,NA,NA,NA,NA,NA,4.8,4.04
352,J354,3,3,24.3,26.32,Picea mariana,1.2,1.75,NA,NA,NA,NA,NA,1.8,1.87
353,J355,3,3,23.1,26.85,Picea mariana,3.1,2.92,NA,NA,NA,NA,NA,3.4,3
354,J356,3,3,22.4,27.29,Picea mariana,3.3,2.86,NA,NA,NA,NA,NA,3.7,2.92
355,J357,3,3,21.5,27.39,Picea mariana,NA,1.33,NA,NA,NA,NA,NA,NA,1.41
356,J358,3,3,20.7,27.95,Picea mariana,0.8,1.52,NA,NA,NA,NA,NA,1.1,1.59
357,J359,3,3,22.2,28.96,Picea mariana,0.3,1.35,NA,NA,NA,NA,NA,0.8,1.45
358,J360,NA,NA,NA,NA,NA,NA,NA,NA,NA,NA,NA,NA,0.27,NA
359,J426,NA,NA,NA,NA,NA,NA,NA,NA,NA,NA,NA,NA,0.74,NA
360,J427,NA,NA,NA,NA,NA,NA,NA,NA,NA,NA,NA,NA,0.75,NA
361,J428,NA,NA,NA,NA,NA,NA,NA,NA,NA,NA,NA,NA,0.55,NA
362,J429,NA,NA,NA,NA,NA,NA,NA,NA,NA,NA,NA,NA,0.56,NA
363,J430,NA,NA,NA,NA,NA,NA,NA,NA,NA,NA,NA,NA,0.51,NA
364,J431,NA,NA,NA,NA,NA,NA,NA,NA,NA,NA,NA,NA,0.62,NA
365,J432,NA,NA,NA,NA,NA,NA,NA,NA,NA,NA,NA,NA,0.39,NA
366,J433,NA,NA,NA,NA,NA,NA,NA,NA,NA,NA,NA,NA,NA,NA
367,J434,NA,NA,NA,NA,NA,NA,NA,NA,NA,NA,NA,NA,0.63,NA
368,J435,NA,NA,NA,NA,NA,NA,NA,NA,NA,NA,NA,NA,0.46,NA
369,J436,NA,NA,NA,NA,NA,NA,NA,NA,NA,NA,NA,NA,0.27,1.49
,,,,,,,,,,,,, ,,
,,,,,,,,,,,,, ,,
